-- MySQL dump 10.13  Distrib 5.5.62, for Win64 (AMD64)
--
-- Host: 117.52.173.135    Database: OWP_DB
-- ------------------------------------------------------
-- Server version	5.5.5-10.5.8-MariaDB-1:10.5.8+maria~focal

/*!40101 SET @OLD_CHARACTER_SET_CLIENT=@@CHARACTER_SET_CLIENT */;
/*!40101 SET @OLD_CHARACTER_SET_RESULTS=@@CHARACTER_SET_RESULTS */;
/*!40101 SET @OLD_COLLATION_CONNECTION=@@COLLATION_CONNECTION */;
/*!40101 SET NAMES utf8 */;
/*!40103 SET @OLD_TIME_ZONE=@@TIME_ZONE */;
/*!40103 SET TIME_ZONE='+00:00' */;
/*!40014 SET @OLD_UNIQUE_CHECKS=@@UNIQUE_CHECKS, UNIQUE_CHECKS=0 */;
/*!40014 SET @OLD_FOREIGN_KEY_CHECKS=@@FOREIGN_KEY_CHECKS, FOREIGN_KEY_CHECKS=0 */;
/*!40101 SET @OLD_SQL_MODE=@@SQL_MODE, SQL_MODE='NO_AUTO_VALUE_ON_ZERO' */;
/*!40111 SET @OLD_SQL_NOTES=@@SQL_NOTES, SQL_NOTES=0 */;

--
-- Table structure for table `IPX_COMMONCODE`
--

DROP TABLE IF EXISTS `IPX_COMMONCODE`;
/*!40101 SET @saved_cs_client     = @@character_set_client */;
/*!40101 SET character_set_client = utf8 */;
CREATE TABLE `IPX_COMMONCODE` (
  `CODEID` char(7) NOT NULL COMMENT '코드ID',
  `CODENM` varchar(50) NOT NULL DEFAULT '' COMMENT '코드명',
  `GROUPID` char(7) NOT NULL COMMENT '그룹ID',
  `GROUPNM` varchar(100) NOT NULL COMMENT '그룹명',
  `DESCRIPTION` varchar(4000) DEFAULT NULL COMMENT '설명',
  `REMARK` varchar(4000) DEFAULT '' COMMENT '비고',
  `ORDERBY` int(11) DEFAULT NULL COMMENT '순번',
  `FLAG` char(1) NOT NULL COMMENT '사용여부',
  `WUSERSEQ` bigint(11) unsigned NOT NULL COMMENT '등록자',
  `WDATE` timestamp NOT NULL DEFAULT '0000-00-00 00:00:00' ON UPDATE current_timestamp() COMMENT '등록일',
  `MUSERSEQ` bigint(11) unsigned DEFAULT NULL COMMENT '수정자',
  `MDATE` timestamp NULL DEFAULT NULL COMMENT '수정일',
  `LOGSEQ` varchar(1000) DEFAULT NULL COMMENT '로그Seq',
  PRIMARY KEY (`CODEID`) USING BTREE
) ENGINE=InnoDB DEFAULT CHARSET=utf8 COMMENT='공통코드';
/*!40101 SET character_set_client = @saved_cs_client */;

--
-- Dumping data for table `IPX_COMMONCODE`
--

LOCK TABLES `IPX_COMMONCODE` WRITE;
/*!40000 ALTER TABLE `IPX_COMMONCODE` DISABLE KEYS */;
INSERT INTO `IPX_COMMONCODE` VALUES ('A001001','고객회사명','A001000','0위부서','','',0,'Y',1,'0000-00-00 00:00:00',NULL,'0000-00-00 00:00:00','0'),('A001002','QA팀','A001001','1위부서','',NULL,NULL,'N',1,'2020-11-09 05:33:51',NULL,'2020-11-09 05:33:51','0'),('A001003','ADMIN','A001001','1위부서',NULL,'관리자',NULL,'Y',1,'2020-11-09 05:33:37',NULL,NULL,NULL),('A001004','EDITOR','A001001','1위부서',NULL,'EDITOR',NULL,'Y',1,'2020-11-09 05:34:17',NULL,NULL,NULL),('A001005','VIEWER','A001001','1위부서',NULL,'',NULL,'Y',1,'2020-11-09 05:34:33',NULL,NULL,NULL),('A001006','test','A001001','1위부서',NULL,'111',NULL,'N',1,'2020-11-10 06:44:18',NULL,'2020-11-10 06:44:18',NULL),('C100000','QA LAB','C000000','화면영역','devices','',100,'Y',1,'2020-09-22 05:00:12',NULL,NULL,NULL),('C101000','BAG LOT ID 스캔\r\n','C100000','QA LAB','item','',110,'Y',1,'2020-11-09 05:08:47',NULL,NULL,NULL),('C102000','데이터 측정','C100000','QA LAB','item','',120,'Y',1,'2020-11-09 05:08:47',NULL,NULL,NULL),('C102001','Tensile','C102000','데이터 측정','devices','',121,'Y',1,'2020-11-09 05:08:47',NULL,NULL,NULL),('C102002','Thickness','C102000','데이터 측정','item','',122,'Y',1,'2020-11-09 05:08:47',NULL,NULL,NULL),('C102003','Tension1','C102000','데이터 측정','item','',123,'Y',1,'2020-11-09 05:08:47',NULL,NULL,NULL),('C102004','Tension2','C102000','데이터 측정','item','',124,'Y',1,'2020-11-09 05:08:47',NULL,NULL,NULL),('C102005','Balance','C102000','데이터 측정','item','',125,'Y',1,'2020-11-09 05:08:47',NULL,NULL,NULL),('C103000','측정 데이터 관리','C100000','QA LAB','item','',130,'Y',1,'2020-11-09 05:08:47',NULL,NULL,NULL),('C104000','외관검사 관리','C100000','QA LAB','item','',140,'Y',1,'2020-11-09 05:08:54',NULL,NULL,NULL),('C200000','Report View','C000000','화면영역','item','',200,'Y',1,'2020-11-09 05:08:58',NULL,NULL,NULL),('C201000','Daily Report','C200000','Report View','item','',201,'Y',1,'2020-11-09 05:08:58',NULL,NULL,NULL),('C202000','상시 Report','C200000','Report View','item','',202,'Y',1,'2020-11-09 05:08:58',NULL,NULL,NULL),('C203000','Weekly Report','C200000','Report View','item','',203,'Y',1,'2020-11-09 05:08:59',NULL,NULL,NULL),('C204000','Monthly Report','C200000','Report View','item','',204,'Y',1,'2020-11-11 01:15:46',NULL,NULL,NULL),('C205000','그외 Report','C200000','Report View','item','',205,'Y',1,'2020-11-09 05:09:00',NULL,NULL,NULL),('C990000','시스템 관리','C000000','화면영역','devices','',900,'Y',1,'2020-09-22 04:34:03',NULL,NULL,NULL),('C991000','사용자계정관리','C990000','시스템 관리','item','',900,'Y',1,'2020-11-09 05:08:47',NULL,NULL,NULL),('C992000','권한 관리','C990000','시스템 관리','item','',901,'Y',1,'2020-11-09 05:08:47',NULL,NULL,NULL),('C993000','시스템코드 관리','C990000','시스템 관리','item','',902,'Y',1,'2020-11-09 05:08:47',NULL,NULL,NULL),('C994000','제품군&생산호기 관리','C990000','시스템 관리','item','',903,'Y',1,'2020-11-09 05:08:47',NULL,NULL,NULL),('C995000','제품 관리','C990000','시스템 관리','item','',904,'Y',1,'2020-11-09 05:08:47',NULL,NULL,NULL),('C996000','검사항목 관리','C990000','시스템 관리','item','',905,'Y',1,'2020-11-09 05:08:47',NULL,NULL,NULL),('C997000','제품 이미지 관리','C990000','시스템 관리','item','',906,'Y',1,'2020-11-09 05:08:47',NULL,NULL,NULL),('D001000','공통_[빈값]','D000000','공통코드','','',0,'N',1,'0000-00-00 00:00:00',NULL,'0000-00-00 00:00:00','0'),('D001001','','D001000','공통_[빈값]','','',0,'N',1,'2020-09-17 07:50:49',NULL,'0000-00-00 00:00:00','0'),('D002000','공통_[권한관리]','D000000','공통코드','','',0,'Y',1,'2020-09-17 07:50:49',NULL,'0000-00-00 00:00:00','0'),('D002001','ADMIN','D002000','공통_[권한관리]','',NULL,1,'Y',1,'2020-11-09 05:43:53',NULL,'2020-11-09 05:43:53','0'),('D002002','EDITOR','D002000','공통_[권한관리]',NULL,NULL,2,'Y',1,'2020-11-09 05:45:00',NULL,'2020-11-09 05:45:00',NULL),('D002003','VIEWER','D002000','공통_[권한관리]',NULL,'',3,'Y',1,'2020-11-09 05:44:14',NULL,NULL,NULL),('D002004','EDITOR','D002000','공통_[권한관리]',NULL,NULL,4,'N',1,'2020-11-09 05:44:36',NULL,'2020-11-09 05:44:36',NULL),('D002005','Dashboard','D002000','공통_[권한관리]',NULL,NULL,4,'N',1,'2020-11-10 06:51:16',NULL,'2020-11-10 06:51:16',NULL),('D003000','공통_[직급]','D000000','공통코드','',NULL,0,'Y',1,'0000-00-00 00:00:00',NULL,'0000-00-00 00:00:00','0'),('D003001','팀원','D003000','공통_[직급]','','',0,'Y',1,'2020-09-21 07:05:53',NULL,'0000-00-00 00:00:00','0'),('D003002','팀장','D003000','공통_[직급]','','',0,'Y',1,'0000-00-00 00:00:00',NULL,'0000-00-00 00:00:00','0'),('D004000','공통_[직책]','D000000','공통코드','','',0,'Y',1,'0000-00-00 00:00:00',NULL,'0000-00-00 00:00:00','0'),('D004001','사원','D004000','공통_[직책]',NULL,'',1,'Y',1,'2020-09-21 07:05:17',NULL,NULL,NULL),('D004002','대리','D004000','공통_[직책]',NULL,'',2,'Y',1,'2020-09-21 07:06:08',NULL,NULL,NULL),('D005000','사용여부','D000000','공통코드','','',NULL,'Y',1,'0000-00-00 00:00:00',NULL,NULL,NULL),('D005001','사용','D005000','사용여부','','',1,'Y',1,'2020-09-21 07:01:44',NULL,NULL,NULL),('D005002','미사용','D005000','사용여부','','',2,'Y',1,'2020-09-21 07:01:45',NULL,NULL,NULL),('D011000','제품구분','D000000','공통코드','','',NULL,'Y',1,'0000-00-00 00:00:00',NULL,NULL,NULL),('D011001','Diaper','D011000','제품구분','','기저귀',1,'Y',1,'2020-09-21 07:01:47',NULL,NULL,NULL),('D011002','Pants','D011000','제품구분','','팬티',2,'Y',1,'2020-09-21 07:01:47',NULL,NULL,NULL),('D012000','생산호기','D000000','공통코드','','',NULL,'Y',1,'0000-00-00 00:00:00',NULL,NULL,NULL),('D012001','1호기','D012000','기계구분','01','BAG LOT ID와 매핑을 위하여 DESCRIPTION에 매핑값 입력',1,'Y',1,'2020-09-21 07:01:50',NULL,NULL,NULL),('D012002','2호기','D012000','기계구분','02','BAG LOT ID와 매핑을 위하여 DESCRIPTION에 매핑값 입력',2,'Y',1,'2020-09-21 07:01:51',NULL,NULL,NULL),('D012003','4호기','D012000','기계구분','04','BAG LOT ID와 매핑을 위하여 DESCRIPTION에 매핑값 입력',3,'Y',1,'2020-09-21 07:01:52',NULL,NULL,NULL),('D012004','21호기','D012000','기계구분','21','BAG LOT ID와 매핑을 위하여 DESCRIPTION에 매핑값 입력',4,'Y',1,'2020-09-21 07:01:53',NULL,NULL,NULL),('D012005','22호기','D012000','기계구분','22','BAG LOT ID와 매핑을 위하여 DESCRIPTION에 매핑값 입력',5,'Y',1,'2020-09-21 07:01:54',NULL,NULL,NULL),('D012006','23호기','D012000','기계구분','23','BAG LOT ID와 매핑을 위하여 DESCRIPTION에 매핑값 입력',6,'Y',1,'2020-09-21 07:01:55',NULL,NULL,NULL),('D013000','단계','D000000','공통코드','','',NULL,'Y',1,'0000-00-00 00:00:00',NULL,NULL,NULL),('D013001','0','D013000','단계','','',1,'Y',1,'2020-09-21 07:01:58',NULL,NULL,NULL),('D013002','1','D013000','단계','','',2,'Y',1,'2020-09-21 07:01:59',NULL,NULL,NULL),('D013003','2','D013000','단계','','',3,'Y',1,'2020-09-21 07:01:59',NULL,NULL,NULL),('D013004','3','D013000','단계','','',4,'Y',1,'2020-09-21 07:02:00',NULL,NULL,NULL),('D013005','4','D013000','단계','','',5,'Y',1,'2020-09-21 07:02:00',NULL,NULL,NULL),('D013006','5','D013000','단계','','',6,'Y',1,'2020-09-21 07:02:01',NULL,NULL,NULL),('D013007','6','D013000','단계','','',7,'Y',1,'2020-09-21 07:02:02',NULL,NULL,NULL),('D013008','7','D013000','단계','undefined','',8,'N',1,'2020-10-20 08:07:34',NULL,'2020-10-20 08:07:34',NULL),('D014000','성별','D000000','공통코드','','',NULL,'Y',1,'0000-00-00 00:00:00',NULL,NULL,NULL),('D014001','남아','D014000','성별','','',1,'Y',1,'2020-09-21 07:02:04',NULL,NULL,NULL),('D014002','여아','D014000','성별','','',2,'Y',1,'2020-09-21 07:02:04',NULL,NULL,NULL),('D014003','공용','D014000','성별','','',2,'Y',1,'2020-09-21 07:02:05',NULL,NULL,NULL),('D014004','limited','D014000','성별','','',2,'Y',1,'2020-09-21 07:02:07',NULL,NULL,NULL),('D014005','남아2','D014000','성별','undefined','test',3,'N',1,'2020-10-20 10:24:18',NULL,'2020-10-20 10:24:18',NULL),('D014006','TEST','D014000','성별',NULL,NULL,3,'N',1,'2020-10-23 07:24:48',NULL,'2020-10-23 07:24:48',NULL),('D014012','test','D014000','성별',NULL,'',3,'N',1,'2020-11-09 05:55:54',NULL,'2020-11-09 05:55:54',NULL),('D014013','test2','D014000','성별',NULL,'',4,'N',1,'2020-11-09 05:55:59',NULL,'2020-11-09 05:55:59',NULL),('D015000','QA검사장비','D000000','공통코드','','',NULL,'Y',1,'0000-00-00 00:00:00',NULL,NULL,NULL),('D015001','Tensile','D015000','QA검사장비','10','장비별 DATA측정시 Delay를 설정한다',1,'Y',1,'2020-10-26 07:35:05',NULL,NULL,NULL),('D015002','Balance','D015000','QA검사장비','15','장비별 DATA측정시 Delay를 설정한다',2,'Y',1,'2020-10-26 07:35:06',NULL,NULL,NULL),('D015003','Thickness','D015000','QA검사장비','10','장비별 DATA측정시 Delay를 설정한다',3,'Y',1,'2020-10-26 07:35:06',NULL,NULL,NULL),('D015004','Tension-OS','D015000','QA검사장비','8','장비별 DATA측정시 Delay를 설정한다',4,'Y',1,'2020-10-26 07:35:06',NULL,NULL,NULL),('D015005','Tension-DS','D015000','QA검사장비','8','장비별 DATA측정시 Delay를 설정한다',5,'Y',1,'2020-10-26 07:35:07',NULL,NULL,NULL),('D016000','QA검사항목','D000000','공통코드','','',NULL,'Y',1,'0000-00-00 00:00:00',NULL,NULL,NULL),('D016001','Pad Weight','D016000','QA검사항목','10','측정 장비와의 통신주기는 2초 이상',1,'Y',1,'2020-11-11 00:58:51',NULL,NULL,NULL),('D016002','Thickness-CTQ','D016000','QA검사항목','2','측정 장비와의 통신주기는 2초 이상',2,'Y',1,'2020-11-11 00:58:58',NULL,NULL,NULL),('D016003','Flap Tension-OS-CTQ','D016000','QA검사항목','2','측정 장비와의 통신주기는 2초 이상',3,'Y',1,'2020-11-11 00:58:58',NULL,NULL,NULL),('D016004','Flap Tension-DS-CTQ','D016000','QA검사항목','20','측정 장비와의 통신주기는 2초 이상',4,'Y',1,'2020-11-11 00:58:51',NULL,NULL,NULL),('D016005','LE Tension-OS-CTQ','D016000','QA검사항목','20','측정 장비와의 통신주기는 2초 이상',5,'Y',1,'2020-11-11 00:58:51',NULL,NULL,NULL),('D016006','LE Tension-DS-CTQ','D016000','QA검사항목','20','측정 장비와의 통신주기는 2초 이상',6,'Y',1,'2020-11-11 00:58:51',NULL,NULL,NULL),('D016007','PCB strength-OS','D016000','QA검사항목','30','측정 장비와의 통신주기는 2초 이상',7,'Y',1,'2020-11-11 00:58:51',NULL,NULL,NULL),('D016008','PCB strength-DS','D016000','QA검사항목','30','측정 장비와의 통신주기는 2초 이상',8,'Y',1,'2020-11-11 00:58:51',NULL,NULL,NULL),('D016009','End Seal Strgth (F)','D016000','QA검사항목','30','측정 장비와의 통신주기는 2초 이상',9,'Y',1,'2020-11-11 00:58:51',NULL,NULL,NULL),('D016010','Hook Peel-OS','D016000','QA검사항목','10','측정 장비와의 통신주기는 2초 이상',10,'Y',1,'2020-11-11 00:58:52',NULL,NULL,NULL),('D016011','Hook Peel-DS','D016000','QA검사항목','20','측정 장비와의 통신주기는 2초 이상',11,'Y',1,'2020-11-11 00:58:52',NULL,NULL,NULL),('D016012','Hook Shear-OS','D016000','QA검사항목','20','측정 장비와의 통신주기는 2초 이상',12,'Y',1,'2020-11-11 00:58:52',NULL,NULL,NULL),('D016013','Hook Shear-DS','D016000','QA검사항목','20','측정 장비와의 통신주기는 2초 이상',13,'Y',1,'2020-11-11 00:58:52',NULL,NULL,NULL),('D016014','Hook Engage Shear-OS','D016000','QA검사항목','15','측정 장비와의 통신주기는 2초 이상',14,'Y',1,'2020-11-11 00:58:52',NULL,NULL,NULL),('D016015','Hook Engage Shear-DS','D016000','QA검사항목','15','측정 장비와의 통신주기는 2초 이상',15,'Y',1,'2020-11-11 00:58:52',NULL,NULL,NULL),('D016016','Ear bond Strgth-OS','D016000','QA검사항목','10','측정 장비와의 통신주기는 2초 이상',16,'Y',1,'2020-11-11 00:58:52',NULL,NULL,NULL),('D016017','Ear bond Strgth-DS','D016000','QA검사항목','10','측정 장비와의 통신주기는 2초 이상',17,'Y',1,'2020-11-11 00:58:52',NULL,NULL,NULL),('D016018','TEST','D016000','QA검사항목','2','TEST',18,'N',1,'2020-11-11 07:18:54',NULL,'2020-11-11 07:18:54',NULL),('D016019','TEST','D016000','QA검사항목','2','TEST',18,'N',1,'2020-11-11 07:19:56',NULL,'2020-11-11 07:19:56',NULL),('D016020','TEST','D016000','QA검사항목','4','TEST',18,'N',1,'2020-11-11 07:34:27',NULL,'2020-11-11 07:34:27',NULL),('D016021','TEST','D016000','QA검사항목','2','test',19,'N',1,'2020-11-11 07:34:32',NULL,'2020-11-11 07:34:32',NULL),('D016022','TEST','D016000','QA검사항목','2','TEST',20,'N',1,'2020-11-11 07:34:36',NULL,'2020-11-11 07:34:36',NULL),('D017000','외관검사항목','D000000','공통코드','','',NULL,'Y',1,'0000-00-00 00:00:00',NULL,NULL,NULL),('D017001','솜층상태','D017000','외관검사항목','','',1,'Y',1,'2020-09-21 07:02:30',NULL,NULL,NULL),('D017002','소변샘','D017000','외관검사항목','','',3,'Y',1,'2020-09-21 07:02:30',NULL,NULL,NULL),('D017003','Lint','D017000','외관검사항목','','',2,'Y',1,'2020-09-21 07:02:31',NULL,NULL,NULL),('D017004','소변알림마크','D017000','외관검사항목','','',4,'Y',1,'2020-09-21 07:02:32',NULL,NULL,NULL),('D017005','형광유무','D017000','외관검사항목','','',5,'Y',1,'2020-09-21 07:02:33',NULL,NULL,NULL),('D017006','냄새유무','D017000','외관검사항목','','',6,'Y',1,'2020-09-21 07:02:33',NULL,NULL,NULL),('D018000','외관검사상태','D000000','공통코드','','',NULL,'Y',1,'0000-00-00 00:00:00',NULL,NULL,NULL),('D018001','양호','D018000','외관검사상태','','',1,'Y',1,'2020-09-21 07:02:37',NULL,NULL,NULL),('D018002','정상','D018000','외관검사상태','','',1,'Y',1,'2020-09-21 07:02:37',NULL,NULL,NULL),('D018003','불량','D018000','외관검사상태','','',1,'Y',1,'2020-09-21 07:02:38',NULL,NULL,NULL),('D019000','Timer설정','D000000','공통코드','','',NULL,'Y',1,'2020-09-21 07:02:43',NULL,NULL,NULL),('D019001','30','D019000','Timer설정','초단위로 설정. 소수점 제외','',1,'Y',1,'2020-09-21 07:02:44',NULL,NULL,NULL),('D020000','TEST구분','D000000','공통코드','','',NULL,'Y',1,'2020-09-21 07:02:48',NULL,NULL,NULL),('D020001','정상품','D020000','TEST구분','SCAN','바코드 스캔할 경우임',1,'Y',1,'2020-10-26 06:26:06',NULL,'2020-10-20 06:21:37',NULL),('D020002','초도생산','D020000','TEST구분','H','바코드 자동생성',1,'Y',1,'2020-10-26 06:26:06',NULL,NULL,NULL),('D020003','RSR','D020000','TEST구분','R','바코드 자동생성',1,'Y',1,'2020-10-26 06:26:06',NULL,NULL,NULL),('D020004','기타','D020000','TEST구분','E','바코드 자동생성',1,'Y',1,'2020-10-26 06:26:06',NULL,NULL,NULL),('D020005','Shut down','D020000','TEST구분','M','바코드 자동생성',1,'Y',1,'2020-10-26 06:26:06',NULL,NULL,NULL),('D020006','Maintenance','D020000','TEST구분','S','바코드 자동생성',1,'Y',1,'2020-10-26 06:26:06',NULL,NULL,NULL),('D021000','SHIFT구분','D000000','공통코드','','',NULL,'Y',1,'0000-00-00 00:00:00',NULL,NULL,NULL),('D021001','1조','D021000','SHIFT구분','','',1,'Y',1,'2020-09-21 07:02:56',NULL,NULL,NULL),('D021002','2조','D021000','SHIFT구분','','',1,'Y',1,'2020-09-21 07:02:58',NULL,NULL,NULL),('D021003','3조','D021000','SHIFT구분','','',1,'Y',1,'2020-09-21 07:02:58',NULL,NULL,NULL),('D021004','4조','D021000','SHIFT구분','','',1,'Y',1,'2020-09-21 07:02:59',NULL,NULL,NULL),('D022000','검사시간구분','D000000','공통코드','','',NULL,'Y',1,'0000-00-00 00:00:00',NULL,NULL,NULL),('D022001','오전','D022000','시간구분','','',1,'Y',1,'2020-09-21 07:03:01',NULL,NULL,NULL),('D022002','오후','D022000','시간구분','','',1,'Y',1,'2020-09-21 07:03:02',NULL,NULL,NULL),('D023000','발생구분','D000000','공통코드','','',NULL,'Y',1,'0000-00-00 00:00:00',NULL,NULL,NULL),('D023001','미발생','D023000','발생구분','','',1,'Y',1,'2020-09-21 07:03:05',NULL,NULL,NULL),('D023002','발생','D023000','발생구분','','',1,'Y',1,'2020-09-21 07:03:05',NULL,NULL,NULL),('D024000','검사구분','D000000','공통코드','','',NULL,'Y',1,'0000-00-00 00:00:00',NULL,NULL,NULL),('D024001','Variable','D024000','검사구분','','',1,'Y',1,'2020-09-21 07:03:08',NULL,NULL,NULL),('D024002','Absorbency test','D024000','검사구분','','',1,'Y',1,'2020-09-21 07:03:09',NULL,NULL,NULL),('D025000','제품코드','D000000','공통코드','','',NULL,'Y',1,'0000-00-00 00:00:00',NULL,NULL,NULL),('D025001','보송보송','D025000','제품코드','',NULL,1,'Y',1,'2020-11-09 09:21:46',NULL,'2020-11-09 09:21:25',NULL),('D025002','매직컴포트','D025000','제품코드','','',1,'Y',1,'2020-09-21 07:03:12',NULL,NULL,NULL),('D025003','네이처메이드','D025000','제품코드','','',1,'Y',1,'2020-09-21 07:03:13',NULL,NULL,NULL),('D025004','네이처메이드썸머','D025000','제품코드','','',1,'Y',1,'2020-09-21 07:03:13',NULL,NULL,NULL),('D025005','네이처메이드밤부','D025000','제품코드','','',1,'Y',1,'2020-09-21 07:03:14',NULL,NULL,NULL),('D025006','네이처메이드20','D025000','제품코드','','',1,'Y',1,'2020-09-21 07:03:15',NULL,NULL,NULL),('D025007','맥스드라이','D025000','제품코드','','',1,'Y',1,'2020-09-21 07:03:16',NULL,NULL,NULL),('D025008','크린베베','D025000','제품코드','','',1,'Y',1,'2020-09-21 07:03:17',NULL,NULL,NULL),('D025009','미국수출','D025000','제품코드','','',1,'Y',1,'2020-09-21 07:03:17',NULL,NULL,NULL),('D025010','홍콩수출','D025000','제품코드','','',1,'Y',1,'2020-09-21 07:03:18',NULL,NULL,NULL),('D026000','모바일화면ID(IP/검사장비ID)','D000000','공통코드','','',1,'Y',1,'2020-11-04 05:57:12',NULL,NULL,NULL),('D026001','C302100','D026000','모바일화면ID(IP/검사장비ID)','192.168.50.65/D015001','검사장비IP와 모바일 화면 Tensile ID 매핑',1,'Y',1,'2020-11-09 06:43:57',NULL,NULL,NULL),('D026002','C302200','D026000','모바일화면ID(IP/검사장비ID)','192.168.50.89/D015003','검사장비IP와 모바일 화면 Thickness ID 매핑',1,'Y',1,'2020-11-11 02:37:38',NULL,NULL,NULL),('D026003','C302300','D026000','모바일화면ID(IP/검사장비ID)','192.168.50.84/D015004','검사장비IP와 모바일 화면 Tension1 ID 매핑',1,'Y',1,'2020-11-09 00:15:42',NULL,NULL,NULL),('D026004','C302400','D026000','모바일화면ID(IP/검사장비ID)','192.168.50.88/D015005','검사장비IP와 모바일 화면 Tension2 ID 매핑',1,'Y',1,'2020-11-09 06:50:10',NULL,NULL,NULL),('D026005','C302500','D026000','모바일화면ID(IP/검사장비ID)','192.168.50.83/D015002','검사장비IP와 모바일 화면 Balance ID 매핑',1,'Y',1,'2020-11-11 02:37:46',NULL,NULL,NULL);
/*!40000 ALTER TABLE `IPX_COMMONCODE` ENABLE KEYS */;
UNLOCK TABLES;

--
-- Table structure for table `IPX_FILE`
--

DROP TABLE IF EXISTS `IPX_FILE`;
/*!40101 SET @saved_cs_client     = @@character_set_client */;
/*!40101 SET character_set_client = utf8 */;
CREATE TABLE `IPX_FILE` (
  `FILESEQ` bigint(11) unsigned NOT NULL AUTO_INCREMENT COMMENT '파일SEQ',
  `PAGEID` char(7) DEFAULT NULL COMMENT '페이지ID(공통코드)',
  `TABLENAME` varchar(50) DEFAULT NULL COMMENT '파일테이블',
  `FILEFK` bigint(11) unsigned DEFAULT NULL COMMENT '파일참조FK',
  `FILETYPE` varchar(500) NOT NULL COMMENT '파일타입',
  `FILENAMEREAL` varchar(500) NOT NULL COMMENT '실제물리파일이름',
  `FILENAMETEMP` varchar(500) DEFAULT NULL COMMENT '실제파일명',
  `FILEPATH` varchar(500) NOT NULL COMMENT '파일경로',
  `FILESIZE` varchar(20) NOT NULL COMMENT '파일크기',
  `CODEID` char(7) DEFAULT NULL COMMENT '제품코드ID(공통코드)',
  `WUSERSEQ` bigint(11) unsigned NOT NULL COMMENT '등록자',
  `WDATE` timestamp NOT NULL DEFAULT '0000-00-00 00:00:00' ON UPDATE current_timestamp() COMMENT '등록일',
  `MUSERSEQ` bigint(11) unsigned DEFAULT NULL COMMENT '수정자',
  `MDATE` timestamp NULL DEFAULT NULL COMMENT '수정일',
  `FLAG` char(1) NOT NULL COMMENT '사용여부',
  `LOGSEQ` varchar(1000) DEFAULT NULL COMMENT '로그SEQ',
  PRIMARY KEY (`FILESEQ`)
) ENGINE=InnoDB AUTO_INCREMENT=1257 DEFAULT CHARSET=utf8 COMMENT='첨부파일';
/*!40101 SET character_set_client = @saved_cs_client */;

--
-- Dumping data for table `IPX_FILE`
--

LOCK TABLES `IPX_FILE` WRITE;
/*!40000 ALTER TABLE `IPX_FILE` DISABLE KEYS */;
INSERT INTO `IPX_FILE` VALUES (1,'C995000','OWP_PRODUCT',1,'image/jpg','D025001.jpg','','/home/tomcat/webapps/OWP_YUHANKIMBERY/WEB-INF/files/2020/10/D025001.jpg','3033','D025001',1,'2020-05-14 05:23:00',1,'2020-05-14 05:23:00','Y',NULL),(2,'C995000','OWP_PRODUCT',1,'image/jpg','D025002.jpg','','/home/tomcat/webapps/OWP_YUHANKIMBERY/WEB-INF/files/2020/10/D025002.jpg','3033','D025002',1,'2020-05-14 05:23:00',1,'2020-05-14 05:23:00','Y',NULL),(3,'C995000','OWP_PRODUCT',1,'image/jpg','D025003.jpg','','/home/tomcat/webapps/OWP_YUHANKIMBERY/WEB-INF/files/2020/10/D025003.jpg','3033','D025003',1,'2020-05-14 05:23:00',1,'2020-05-14 05:23:00','Y',NULL),(4,'C995000','OWP_PRODUCT',1,'image/jpg','D025004.jpg','','/home/tomcat/webapps/OWP_YUHANKIMBERY/WEB-INF/files/2020/10/D025004.jpg','3033','D025004',1,'2020-05-14 05:23:00',1,'2020-05-14 05:23:00','Y',NULL),(5,'C995000','OWP_PRODUCT',1,'image/jpg','D025005.jpg','','/home/tomcat/webapps/OWP_YUHANKIMBERY/WEB-INF/files/2020/10/D025005.jpg','3033','D025005',1,'2020-05-14 05:23:00',1,'2020-05-14 05:23:00','Y',NULL),(6,'C995000','OWP_PRODUCT',1,'image/jpg','D025006.jpg','','/home/tomcat/webapps/OWP_YUHANKIMBERY/WEB-INF/files/2020/10/D025006.jpg','3033','D025006',1,'2020-05-14 05:23:00',1,'2020-05-14 05:23:00','Y',NULL),(7,'C995000','OWP_PRODUCT',1,'image/jpg','D025007.jpg','','/home/tomcat/webapps/OWP_YUHANKIMBERY/WEB-INF/files/2020/10/D025007.jpg','3033','D025007',1,'2020-05-14 05:23:00',1,'2020-05-14 05:23:00','Y',NULL),(8,'C995000','OWP_PRODUCT',1,'image/jpg','D025008.jpg','','/home/tomcat/webapps/OWP_YUHANKIMBERY/WEB-INF/files/2020/10/D025008.jpg','3033','D025008',1,'2020-05-14 05:23:00',1,'2020-05-14 05:23:00','Y',NULL),(9,'C995000','OWP_PRODUCT',1,'image/jpg','D025009.jpg','','/home/tomcat/webapps/OWP_YUHANKIMBERY/WEB-INF/files/2020/10/D025009.jpg','3033','D025009',1,'2020-05-14 05:23:00',1,'2020-05-14 05:23:00','Y',NULL),(10,'C995000','OWP_PRODUCT',1,'image/jpg','D025010.jpg','','/home/tomcat/webapps/OWP_YUHANKIMBERY/WEB-INF/files/2020/10/D025010.jpg','3033','D025010',1,'2020-05-14 05:23:00',1,'2020-05-14 05:23:00','Y',NULL),(1245,NULL,NULL,NULL,'image/png','123332.png',NULL,'C:\\eclipse-workspace\\.metadata\\.plugins\\org.eclipse.wst.server.core\\tmp0\\wtpwebapps\\OWP_YUHANKIMBERY\\WEB-INF\\files\\2020\\10\\123332.png','122316',NULL,1,'2020-10-22 07:51:37',NULL,NULL,'Y',NULL),(1246,NULL,NULL,NULL,'image/jpeg','1234.JPG',NULL,'C:\\eclipse-workspace\\.metadata\\.plugins\\org.eclipse.wst.server.core\\tmp0\\wtpwebapps\\OWP_YUHANKIMBERY\\WEB-INF\\files\\2020\\10\\1234.JPG','24632',NULL,1,'2020-10-22 08:53:09',NULL,NULL,'Y',NULL),(1247,NULL,NULL,NULL,'image/png','employeeCard.PNG',NULL,'C:\\eclipse-workspace\\.metadata\\.plugins\\org.eclipse.wst.server.core\\tmp0\\wtpwebapps\\OWP_YUHANKIMBERY\\WEB-INF\\files\\2020\\10\\employeeCard.PNG','7542',NULL,1,'2020-10-22 09:17:43',NULL,NULL,'Y',NULL),(1248,NULL,NULL,NULL,'image/png','123333.png',NULL,'C:\\eclipse-workspace\\.metadata\\.plugins\\org.eclipse.wst.server.core\\tmp0\\wtpwebapps\\OWP_YUHANKIMBERY\\WEB-INF\\files\\2020\\10\\123333.png','122316',NULL,1,'2020-10-22 10:01:02',NULL,NULL,'Y',NULL),(1249,NULL,NULL,NULL,'image/jpeg','예제.JPG',NULL,'C:\\eclipse-workspace\\.metadata\\.plugins\\org.eclipse.wst.server.core\\tmp0\\wtpwebapps\\OWP_YUHANKIMBERY\\WEB-INF\\files\\2020\\10\\예제.JPG','63773',NULL,1,'2020-10-22 10:03:29',NULL,NULL,'Y',NULL),(1250,NULL,NULL,NULL,'image/jpeg','123.JPG',NULL,'C:\\eclipse-workspace\\.metadata\\.plugins\\org.eclipse.wst.server.core\\tmp0\\wtpwebapps\\OWP_YUHANKIMBERY\\WEB-INF\\files\\2020\\10\\123.JPG','147907',NULL,1,'2020-10-22 10:04:27',NULL,NULL,'Y',NULL),(1251,NULL,NULL,NULL,'image/jpeg','캡처.JPG',NULL,'C:\\eclipse-workspace\\.metadata\\.plugins\\org.eclipse.wst.server.core\\tmp0\\wtpwebapps\\OWP_YUHANKIMBERY\\WEB-INF\\files\\2020\\10\\캡처.JPG','15954',NULL,1,'2020-10-22 10:06:05',NULL,NULL,'Y',NULL),(1252,NULL,NULL,NULL,'image/jpeg','autofocus.JPG',NULL,'C:\\eclipse-workspace\\.metadata\\.plugins\\org.eclipse.wst.server.core\\tmp0\\wtpwebapps\\OWP_YUHANKIMBERY\\WEB-INF\\files\\2020\\10\\autofocus.JPG','17666',NULL,1,'2020-10-22 10:06:37',NULL,NULL,'Y',NULL),(1253,NULL,NULL,NULL,'image/png','라인별 생산품목.png',NULL,'C:\\eclipse-workspace\\.metadata\\.plugins\\org.eclipse.wst.server.core\\tmp0\\wtpwebapps\\OWP_YUHANKIMBERY\\WEB-INF\\files\\2020\\10\\라인별 생산품목.png','48294',NULL,1,'2020-10-22 10:09:10',NULL,NULL,'Y',NULL),(1254,NULL,NULL,NULL,'image/jpeg','selectfield.JPG',NULL,'C:\\eclipse-workspace\\.metadata\\.plugins\\org.eclipse.wst.server.core\\tmp0\\wtpwebapps\\OWP_YUHANKIMBERY\\WEB-INF\\files\\2020\\10\\selectfield.JPG','15662',NULL,1,'2020-10-22 10:09:35',NULL,NULL,'Y',NULL),(1255,NULL,NULL,NULL,'image/jpeg','1.JPG',NULL,'C:\\eclipse-workspace\\.metadata\\.plugins\\org.eclipse.wst.server.core\\tmp0\\wtpwebapps\\OWP_YUHANKIMBERY\\WEB-INF\\files\\2020\\10\\1.JPG','182743',NULL,1,'2020-10-22 10:10:10',NULL,NULL,'Y',NULL),(1256,NULL,NULL,NULL,'image/jpeg','11111.JPG',NULL,'C:\\eclipse-workspace\\.metadata\\.plugins\\org.eclipse.wst.server.core\\tmp0\\wtpwebapps\\OWP_YUHANKIMBERY\\WEB-INF\\files\\2020\\10\\11111.JPG','49961',NULL,1,'2020-10-22 10:10:26',NULL,NULL,'Y',NULL);
/*!40000 ALTER TABLE `IPX_FILE` ENABLE KEYS */;
UNLOCK TABLES;

--
-- Table structure for table `IPX_PAGEPERMISSION`
--

DROP TABLE IF EXISTS `IPX_PAGEPERMISSION`;
/*!40101 SET @saved_cs_client     = @@character_set_client */;
/*!40101 SET character_set_client = utf8 */;
CREATE TABLE `IPX_PAGEPERMISSION` (
  `PERMISSIONSEQ` bigint(11) unsigned NOT NULL AUTO_INCREMENT COMMENT '권한관리SEQ',
  `PERMISSIONID` char(7) NOT NULL DEFAULT '' COMMENT '권한그룹ID',
  `PAGEID` char(7) NOT NULL COMMENT '페이지ID',
  `FUNC` char(1) NOT NULL COMMENT '등록권한',
  `FUNR` char(1) NOT NULL COMMENT '읽기권한',
  `FUNU` char(1) NOT NULL COMMENT '수정권한',
  `FUND` char(1) NOT NULL COMMENT '삭제권한',
  `RANGE` char(1) NOT NULL COMMENT '범위',
  `FLAG` char(1) NOT NULL COMMENT '사용여부',
  `WUSERSEQ` bigint(11) unsigned NOT NULL COMMENT '등록자',
  `WDATE` timestamp NOT NULL DEFAULT '0000-00-00 00:00:00' ON UPDATE current_timestamp() COMMENT '등록일',
  `MUSERSEQ` bigint(11) unsigned DEFAULT NULL COMMENT '수정자',
  `MDATE` timestamp NULL DEFAULT NULL COMMENT '수정일',
  `LOGSEQ` varchar(5000) DEFAULT NULL COMMENT '로그Seq',
  PRIMARY KEY (`PERMISSIONSEQ`) USING BTREE
) ENGINE=InnoDB AUTO_INCREMENT=513 DEFAULT CHARSET=utf8 COMMENT='사용자별 페이지 권한';
/*!40101 SET character_set_client = @saved_cs_client */;

--
-- Dumping data for table `IPX_PAGEPERMISSION`
--

LOCK TABLES `IPX_PAGEPERMISSION` WRITE;
/*!40000 ALTER TABLE `IPX_PAGEPERMISSION` DISABLE KEYS */;
INSERT INTO `IPX_PAGEPERMISSION` VALUES (1,'D002001','C100000','T','T','T','T','1','Y',1,'2020-09-22 10:47:09',NULL,'2020-09-22 10:47:09',''),(2,'D002001','C101000','T','T','T','T','1','Y',1,'2020-10-06 02:08:43',NULL,NULL,''),(3,'D002001','C102000','T','T','T','T','1','Y',1,'2020-10-06 02:08:42',NULL,NULL,''),(4,'D002001','C102001','T','T','T','T','1','Y',1,'0000-00-00 00:00:00',NULL,NULL,''),(5,'D002001','C102002','T','T','T','T','1','Y',1,'0000-00-00 00:00:00',NULL,NULL,''),(6,'D002001','C102003','T','T','T','T','1','Y',1,'0000-00-00 00:00:00',NULL,NULL,''),(7,'D002001','C102004','T','T','T','T','1','Y',1,'0000-00-00 00:00:00',NULL,NULL,''),(8,'D002001','C103000','T','T','T','T','1','Y',1,'0000-00-00 00:00:00',NULL,NULL,''),(9,'D002001','C104000','T','T','T','T','1','Y',1,'0000-00-00 00:00:00',NULL,NULL,''),(10,'D002001','C200000','T','T','T','T','1','Y',1,'0000-00-00 00:00:00',NULL,NULL,''),(11,'D002001','C201000','T','T','T','T','1','Y',1,'0000-00-00 00:00:00',NULL,NULL,''),(12,'D002001','C202000','T','T','T','T','1','Y',1,'0000-00-00 00:00:00',NULL,NULL,''),(13,'D002001','C203000','T','T','T','T','1','Y',1,'0000-00-00 00:00:00',NULL,NULL,''),(14,'D002001','C204000','T','T','T','T','1','Y',1,'0000-00-00 00:00:00',NULL,NULL,''),(15,'D002001','C205000','T','T','T','T','1','Y',1,'0000-00-00 00:00:00',NULL,NULL,''),(16,'D002001','C990000','T','T','T','T','1','Y',1,'0000-00-00 00:00:00',NULL,NULL,''),(17,'D002001','C991000','T','T','T','T','1','Y',1,'0000-00-00 00:00:00',NULL,NULL,''),(18,'D002001','C992000','T','T','T','T','1','Y',1,'0000-00-00 00:00:00',NULL,NULL,''),(19,'D002001','C993000','T','T','T','T','1','Y',1,'0000-00-00 00:00:00',NULL,NULL,''),(20,'D002001','C994000','T','T','T','T','1','Y',1,'0000-00-00 00:00:00',NULL,NULL,''),(21,'D002001','C995000','T','T','T','T','1','Y',1,'0000-00-00 00:00:00',NULL,NULL,''),(22,'D002001','C996000','T','T','T','T','1','Y',1,'0000-00-00 00:00:00',NULL,NULL,''),(23,'D002001','C102005','T','T','T','T','1','Y',1,'2020-09-23 02:12:19',NULL,'2020-09-23 02:12:19',NULL),(179,'D002002','C100000','T','T','T','T','1','Y',1,'2020-09-23 05:12:40',NULL,NULL,NULL),(180,'D002002','C101000','T','T','T','T','1','Y',1,'2020-09-23 05:12:40',NULL,NULL,NULL),(181,'D002002','C102000','T','T','T','T','1','Y',1,'2020-09-23 05:12:40',NULL,NULL,NULL),(182,'D002002','C102001','T','T','T','T','1','Y',1,'2020-09-23 05:12:40',NULL,NULL,NULL),(183,'D002002','C102002','T','T','T','T','1','Y',1,'2020-09-23 05:12:40',NULL,NULL,NULL),(184,'D002002','C102003','T','T','T','T','1','Y',1,'2020-09-23 05:12:40',NULL,NULL,NULL),(185,'D002002','C102004','T','T','T','T','1','Y',1,'2020-09-23 05:12:40',NULL,NULL,NULL),(186,'D002002','C103000','T','T','T','T','1','Y',1,'2020-09-23 05:12:40',NULL,NULL,NULL),(187,'D002002','C104000','T','T','T','T','1','Y',1,'2020-09-23 05:12:40',NULL,NULL,NULL),(188,'D002002','C200000','T','T','T','T','1','Y',1,'2020-09-23 05:12:40',NULL,NULL,NULL),(189,'D002002','C201000','T','T','T','T','1','Y',1,'2020-09-23 05:12:40',NULL,NULL,NULL),(190,'D002002','C202000','T','T','T','T','1','Y',1,'2020-09-23 05:12:40',NULL,NULL,NULL),(191,'D002002','C203000','T','T','T','T','1','Y',1,'2020-09-23 05:12:40',NULL,NULL,NULL),(192,'D002002','C204000','T','T','T','T','1','Y',1,'2020-09-23 05:12:40',NULL,NULL,NULL),(193,'D002002','C205000','T','T','T','T','1','Y',1,'2020-09-23 05:12:40',NULL,NULL,NULL),(194,'D002002','C990000','T','T','T','T','1','Y',1,'2020-09-23 05:12:40',NULL,NULL,NULL),(195,'D002002','C991000','T','T','T','T','1','Y',1,'2020-09-23 05:12:40',NULL,NULL,NULL),(196,'D002002','C992000','T','T','T','T','1','Y',1,'2020-09-23 05:12:40',NULL,NULL,NULL),(197,'D002002','C993000','T','T','T','T','1','Y',1,'2020-09-23 05:12:40',NULL,NULL,NULL),(198,'D002002','C994000','T','T','T','T','1','Y',1,'2020-09-23 05:12:40',NULL,NULL,NULL),(199,'D002002','C995000','T','T','T','T','1','Y',1,'2020-09-23 05:12:40',NULL,NULL,NULL),(200,'D002002','C996000','T','T','T','T','1','Y',1,'2020-09-23 05:12:40',NULL,NULL,NULL),(201,'D002002','C102005','T','T','T','T','1','Y',1,'2020-09-23 05:12:40',NULL,NULL,NULL),(210,'D002003','C100000','F','T','T','T','1','Y',1,'2020-09-29 00:41:48',NULL,'2020-09-29 00:41:48',NULL),(211,'D002003','C101000','T','T','T','T','1','Y',1,'2020-09-23 05:12:59',NULL,NULL,NULL),(212,'D002003','C102000','T','T','T','T','1','Y',1,'2020-09-23 05:12:59',NULL,NULL,NULL),(213,'D002003','C102001','T','T','T','T','1','Y',1,'2020-09-23 05:12:59',NULL,NULL,NULL),(214,'D002003','C102002','T','T','T','T','1','Y',1,'2020-09-23 05:12:59',NULL,NULL,NULL),(215,'D002003','C102003','T','T','T','T','1','Y',1,'2020-09-23 05:12:59',NULL,NULL,NULL),(216,'D002003','C102004','T','T','T','T','1','Y',1,'2020-09-23 05:12:59',NULL,NULL,NULL),(217,'D002003','C103000','T','T','T','T','1','Y',1,'2020-09-23 05:12:59',NULL,NULL,NULL),(218,'D002003','C104000','T','T','T','T','1','Y',1,'2020-09-23 05:12:59',NULL,NULL,NULL),(219,'D002003','C200000','T','T','T','T','1','Y',1,'2020-09-23 05:12:59',NULL,NULL,NULL),(220,'D002003','C201000','T','T','T','T','1','Y',1,'2020-09-23 05:12:59',NULL,NULL,NULL),(221,'D002003','C202000','T','T','T','T','1','Y',1,'2020-09-23 05:12:59',NULL,NULL,NULL),(222,'D002003','C203000','T','T','T','T','1','Y',1,'2020-09-23 05:12:59',NULL,NULL,NULL),(223,'D002003','C204000','T','T','T','T','1','Y',1,'2020-09-23 05:12:59',NULL,NULL,NULL),(224,'D002003','C205000','T','T','T','T','1','Y',1,'2020-09-23 05:12:59',NULL,NULL,NULL),(225,'D002003','C990000','T','T','T','T','1','Y',1,'2020-09-23 05:12:59',NULL,NULL,NULL),(226,'D002003','C991000','T','T','T','T','1','Y',1,'2020-09-23 05:12:59',NULL,NULL,NULL),(227,'D002003','C992000','T','T','T','T','1','Y',1,'2020-09-23 05:12:59',NULL,NULL,NULL),(228,'D002003','C993000','T','T','T','T','1','Y',1,'2020-09-23 05:12:59',NULL,NULL,NULL),(229,'D002003','C994000','T','T','T','T','1','Y',1,'2020-09-23 05:12:59',NULL,NULL,NULL),(230,'D002003','C995000','T','T','T','T','1','Y',1,'2020-09-23 05:12:59',NULL,NULL,NULL),(231,'D002003','C996000','T','T','T','T','1','Y',1,'2020-09-23 05:12:59',NULL,NULL,NULL),(232,'D002003','C102005','T','T','T','T','1','Y',1,'2020-09-23 05:12:59',NULL,NULL,NULL),(241,'D002004','C100000','T','T','T','T','1','Y',1,'2020-09-23 05:13:30',NULL,NULL,NULL),(242,'D002004','C101000','T','T','T','T','1','Y',1,'2020-09-23 05:13:30',NULL,NULL,NULL),(243,'D002004','C102000','T','T','T','T','1','Y',1,'2020-09-23 05:13:30',NULL,NULL,NULL),(244,'D002004','C102001','T','T','T','T','1','Y',1,'2020-09-23 05:13:30',NULL,NULL,NULL),(245,'D002004','C102002','T','T','T','T','1','Y',1,'2020-09-23 05:13:30',NULL,NULL,NULL),(246,'D002004','C102003','T','T','T','T','1','Y',1,'2020-09-23 05:13:30',NULL,NULL,NULL),(247,'D002004','C102004','T','T','T','T','1','Y',1,'2020-09-23 05:13:30',NULL,NULL,NULL),(248,'D002004','C103000','T','T','T','T','1','Y',1,'2020-09-23 05:13:30',NULL,NULL,NULL),(249,'D002004','C104000','T','T','T','T','1','Y',1,'2020-09-23 05:13:30',NULL,NULL,NULL),(250,'D002004','C200000','T','T','T','T','1','Y',1,'2020-09-23 05:13:30',NULL,NULL,NULL),(251,'D002004','C201000','T','T','T','T','1','Y',1,'2020-09-23 05:13:30',NULL,NULL,NULL),(252,'D002004','C202000','T','T','T','T','1','Y',1,'2020-09-23 05:13:30',NULL,NULL,NULL),(253,'D002004','C203000','T','T','T','T','1','Y',1,'2020-09-23 05:13:30',NULL,NULL,NULL),(254,'D002004','C204000','T','T','T','T','1','Y',1,'2020-09-23 05:13:30',NULL,NULL,NULL),(255,'D002004','C205000','T','T','T','T','1','Y',1,'2020-09-23 05:13:30',NULL,NULL,NULL),(256,'D002004','C990000','T','T','T','T','1','Y',1,'2020-09-23 05:13:30',NULL,NULL,NULL),(257,'D002004','C991000','T','T','T','T','1','Y',1,'2020-09-23 05:13:30',NULL,NULL,NULL),(258,'D002004','C992000','T','T','T','T','1','Y',1,'2020-09-23 05:13:30',NULL,NULL,NULL),(259,'D002004','C993000','T','T','T','T','1','Y',1,'2020-09-23 05:13:30',NULL,NULL,NULL),(260,'D002004','C994000','T','T','T','T','1','Y',1,'2020-09-23 05:13:30',NULL,NULL,NULL),(261,'D002004','C995000','T','T','T','T','1','Y',1,'2020-09-23 05:13:30',NULL,NULL,NULL),(262,'D002004','C996000','T','T','T','T','1','Y',1,'2020-09-23 05:13:30',NULL,NULL,NULL),(263,'D002004','C102005','T','T','T','T','1','Y',1,'2020-09-23 05:13:30',NULL,NULL,NULL),(272,'D002005','C100000','T','T','T','T','1','Y',1,'2020-09-23 06:16:56',NULL,NULL,NULL),(273,'D002005','C101000','T','T','T','T','1','Y',1,'2020-09-23 06:16:56',NULL,NULL,NULL),(274,'D002005','C102000','T','T','T','T','1','Y',1,'2020-09-23 06:16:56',NULL,NULL,NULL),(275,'D002005','C102001','T','T','T','T','1','Y',1,'2020-09-23 06:16:56',NULL,NULL,NULL),(276,'D002005','C102002','T','T','T','T','1','Y',1,'2020-09-23 06:16:56',NULL,NULL,NULL),(277,'D002005','C102003','T','T','T','T','1','Y',1,'2020-09-23 06:16:56',NULL,NULL,NULL),(278,'D002005','C102004','T','T','T','T','1','Y',1,'2020-09-23 06:16:56',NULL,NULL,NULL),(279,'D002005','C103000','T','T','T','T','1','Y',1,'2020-09-23 06:16:56',NULL,NULL,NULL),(280,'D002005','C104000','T','T','T','T','1','Y',1,'2020-09-23 06:16:56',NULL,NULL,NULL),(281,'D002005','C200000','T','T','T','T','1','Y',1,'2020-09-23 06:16:56',NULL,NULL,NULL),(282,'D002005','C201000','T','T','T','T','1','Y',1,'2020-09-23 06:16:56',NULL,NULL,NULL),(283,'D002005','C202000','T','T','T','T','1','Y',1,'2020-09-23 06:16:56',NULL,NULL,NULL),(284,'D002005','C203000','T','T','T','T','1','Y',1,'2020-09-23 06:16:56',NULL,NULL,NULL),(285,'D002005','C204000','T','T','T','T','1','Y',1,'2020-09-23 06:16:56',NULL,NULL,NULL),(286,'D002005','C205000','T','T','T','T','1','Y',1,'2020-09-23 06:16:56',NULL,NULL,NULL),(287,'D002005','C990000','T','T','T','T','1','Y',1,'2020-09-23 06:16:56',NULL,NULL,NULL),(288,'D002005','C991000','T','T','T','T','1','Y',1,'2020-09-23 06:16:56',NULL,NULL,NULL),(289,'D002005','C992000','T','T','T','T','1','Y',1,'2020-09-23 06:16:56',NULL,NULL,NULL),(290,'D002005','C993000','T','T','T','T','1','Y',1,'2020-09-23 06:16:56',NULL,NULL,NULL),(291,'D002005','C994000','T','T','T','T','1','Y',1,'2020-09-23 06:16:56',NULL,NULL,NULL),(292,'D002005','C995000','T','T','T','T','1','Y',1,'2020-09-23 06:16:56',NULL,NULL,NULL),(293,'D002005','C996000','T','T','T','T','1','Y',1,'2020-09-23 06:16:56',NULL,NULL,NULL),(294,'D002005','C102005','T','T','T','T','1','Y',1,'2020-09-23 06:16:56',NULL,NULL,NULL),(303,'D002006','C100000','T','T','F','F','1','Y',1,'2020-09-29 01:34:16',NULL,'2020-09-29 01:34:16',NULL),(304,'D002006','C101000','F','F','F','F','1','Y',1,'2020-09-28 05:32:42',NULL,'2020-09-28 05:32:42',NULL),(305,'D002006','C102000','F','T','F','T','1','Y',1,'2020-09-29 00:47:36',NULL,'2020-09-29 00:47:36',NULL),(306,'D002006','C102001','T','T','T','T','1','Y',1,'2020-09-28 05:31:42',NULL,NULL,NULL),(307,'D002006','C102002','T','T','T','T','1','Y',1,'2020-09-28 05:31:42',NULL,NULL,NULL),(308,'D002006','C102003','T','T','T','T','1','Y',1,'2020-09-28 05:31:42',NULL,NULL,NULL),(309,'D002006','C102004','T','T','T','T','1','Y',1,'2020-09-28 05:31:42',NULL,NULL,NULL),(310,'D002006','C103000','T','T','T','T','1','Y',1,'2020-09-28 05:31:42',NULL,NULL,NULL),(311,'D002006','C104000','T','T','T','T','1','Y',1,'2020-09-28 05:31:42',NULL,NULL,NULL),(312,'D002006','C200000','T','T','T','T','1','Y',1,'2020-09-28 05:31:42',NULL,NULL,NULL),(313,'D002006','C201000','T','T','T','T','1','Y',1,'2020-09-28 05:31:42',NULL,NULL,NULL),(314,'D002006','C202000','T','T','T','T','1','Y',1,'2020-09-28 05:31:42',NULL,NULL,NULL),(315,'D002006','C203000','T','T','T','T','1','Y',1,'2020-09-28 05:31:42',NULL,NULL,NULL),(316,'D002006','C204000','T','T','T','T','1','Y',1,'2020-09-28 05:31:42',NULL,NULL,NULL),(317,'D002006','C205000','T','T','T','T','1','Y',1,'2020-09-28 05:31:42',NULL,NULL,NULL),(318,'D002006','C990000','T','T','T','T','1','Y',1,'2020-09-28 05:31:42',NULL,NULL,NULL),(319,'D002006','C991000','T','T','T','T','1','Y',1,'2020-09-28 05:31:42',NULL,NULL,NULL),(320,'D002006','C992000','T','T','T','T','1','Y',1,'2020-09-28 05:31:42',NULL,NULL,NULL),(321,'D002006','C993000','T','T','T','T','1','Y',1,'2020-09-28 05:31:42',NULL,NULL,NULL),(322,'D002006','C994000','T','T','T','T','1','Y',1,'2020-09-28 05:31:42',NULL,NULL,NULL),(323,'D002006','C995000','T','T','T','T','1','Y',1,'2020-09-28 05:31:42',NULL,NULL,NULL),(324,'D002006','C996000','T','T','T','T','1','Y',1,'2020-09-28 05:31:42',NULL,NULL,NULL),(325,'D002006','C102005','T','T','T','T','1','Y',1,'2020-09-28 05:31:42',NULL,NULL,NULL),(334,'D002007','C100000','T','T','T','T','1','Y',1,'2020-10-12 04:56:59',NULL,NULL,NULL),(335,'D002007','C101000','T','T','T','T','1','Y',1,'2020-10-12 04:56:59',NULL,NULL,NULL),(336,'D002007','C102000','T','T','T','T','1','Y',1,'2020-10-12 04:56:59',NULL,NULL,NULL),(337,'D002007','C102001','T','T','T','T','1','Y',1,'2020-10-12 04:56:59',NULL,NULL,NULL),(338,'D002007','C102002','T','T','T','T','1','Y',1,'2020-10-12 04:56:59',NULL,NULL,NULL),(339,'D002007','C102003','T','T','T','T','1','Y',1,'2020-10-12 04:56:59',NULL,NULL,NULL),(340,'D002007','C102004','T','T','T','T','1','Y',1,'2020-10-12 04:56:59',NULL,NULL,NULL),(341,'D002007','C103000','T','T','T','T','1','Y',1,'2020-10-12 04:56:59',NULL,NULL,NULL),(342,'D002007','C104000','T','T','T','T','1','Y',1,'2020-10-12 04:56:59',NULL,NULL,NULL),(343,'D002007','C200000','T','T','T','T','1','Y',1,'2020-10-12 04:56:59',NULL,NULL,NULL),(344,'D002007','C201000','T','T','T','T','1','Y',1,'2020-10-12 04:56:59',NULL,NULL,NULL),(345,'D002007','C202000','T','T','T','T','1','Y',1,'2020-10-12 04:56:59',NULL,NULL,NULL),(346,'D002007','C203000','T','T','T','T','1','Y',1,'2020-10-12 04:56:59',NULL,NULL,NULL),(347,'D002007','C204000','T','T','T','T','1','Y',1,'2020-10-12 04:56:59',NULL,NULL,NULL),(348,'D002007','C205000','T','T','T','T','1','Y',1,'2020-10-12 04:56:59',NULL,NULL,NULL),(349,'D002007','C990000','T','T','T','T','1','Y',1,'2020-10-12 04:56:59',NULL,NULL,NULL),(350,'D002007','C991000','T','T','T','T','1','Y',1,'2020-10-12 04:56:59',NULL,NULL,NULL),(351,'D002007','C992000','T','T','T','T','1','Y',1,'2020-10-12 04:56:59',NULL,NULL,NULL),(352,'D002007','C993000','T','T','T','T','1','Y',1,'2020-10-12 04:56:59',NULL,NULL,NULL),(353,'D002007','C994000','T','T','T','T','1','Y',1,'2020-10-12 04:56:59',NULL,NULL,NULL),(354,'D002007','C995000','T','T','T','T','1','Y',1,'2020-10-12 04:56:59',NULL,NULL,NULL),(355,'D002007','C996000','T','T','T','T','1','Y',1,'2020-10-12 04:56:59',NULL,NULL,NULL),(356,'D002007','C102005','T','T','T','T','1','Y',1,'2020-10-12 04:56:59',NULL,NULL,NULL),(365,'D002008','C100000','T','T','T','T','1','Y',1,'2020-10-12 04:57:12',NULL,NULL,NULL),(366,'D002008','C101000','F','F','F','F','1','Y',1,'2020-10-12 04:57:39',NULL,'2020-10-12 04:57:39',NULL),(367,'D002008','C102000','T','T','T','T','1','Y',1,'2020-10-12 04:57:12',NULL,NULL,NULL),(368,'D002008','C102001','T','T','T','T','1','Y',1,'2020-10-12 04:57:12',NULL,NULL,NULL),(369,'D002008','C102002','T','T','T','T','1','Y',1,'2020-10-12 04:57:12',NULL,NULL,NULL),(370,'D002008','C102003','T','T','T','T','1','Y',1,'2020-10-12 04:57:12',NULL,NULL,NULL),(371,'D002008','C102004','T','T','T','T','1','Y',1,'2020-10-12 04:57:12',NULL,NULL,NULL),(372,'D002008','C103000','T','T','T','T','1','Y',1,'2020-10-12 04:57:12',NULL,NULL,NULL),(373,'D002008','C104000','T','T','T','T','1','Y',1,'2020-10-12 04:57:12',NULL,NULL,NULL),(374,'D002008','C200000','T','T','T','T','1','Y',1,'2020-10-12 04:57:12',NULL,NULL,NULL),(375,'D002008','C201000','T','T','T','T','1','Y',1,'2020-10-12 04:57:12',NULL,NULL,NULL),(376,'D002008','C202000','T','T','T','T','1','Y',1,'2020-10-12 04:57:12',NULL,NULL,NULL),(377,'D002008','C203000','T','T','T','T','1','Y',1,'2020-10-12 04:57:12',NULL,NULL,NULL),(378,'D002008','C204000','T','T','T','T','1','Y',1,'2020-10-12 04:57:12',NULL,NULL,NULL),(379,'D002008','C205000','T','T','T','T','1','Y',1,'2020-10-12 04:57:12',NULL,NULL,NULL),(380,'D002008','C990000','T','T','T','T','1','Y',1,'2020-10-12 04:57:12',NULL,NULL,NULL),(381,'D002008','C991000','T','T','T','T','1','Y',1,'2020-10-12 04:57:12',NULL,NULL,NULL),(382,'D002008','C992000','T','T','T','T','1','Y',1,'2020-10-12 04:57:12',NULL,NULL,NULL),(383,'D002008','C993000','T','T','T','T','1','Y',1,'2020-10-12 04:57:12',NULL,NULL,NULL),(384,'D002008','C994000','T','T','T','T','1','Y',1,'2020-10-12 04:57:12',NULL,NULL,NULL),(385,'D002008','C995000','T','T','T','T','1','Y',1,'2020-10-12 04:57:12',NULL,NULL,NULL),(386,'D002008','C996000','T','T','T','T','1','Y',1,'2020-10-12 04:57:12',NULL,NULL,NULL),(387,'D002008','C102005','T','T','T','T','1','Y',1,'2020-10-12 04:57:12',NULL,NULL,NULL),(396,'D002009','C100000','T','T','T','T','1','Y',1,'2020-10-15 06:17:18',NULL,NULL,NULL),(397,'D002009','C101000','T','T','T','T','1','Y',1,'2020-10-15 06:17:18',NULL,NULL,NULL),(398,'D002009','C102000','T','T','T','T','1','Y',1,'2020-10-15 06:17:18',NULL,NULL,NULL),(399,'D002009','C102001','T','T','T','T','1','Y',1,'2020-10-15 06:17:18',NULL,NULL,NULL),(400,'D002009','C102002','T','T','T','T','1','Y',1,'2020-10-15 06:17:18',NULL,NULL,NULL),(401,'D002009','C102003','T','T','T','T','1','Y',1,'2020-10-15 06:17:18',NULL,NULL,NULL),(402,'D002009','C102004','T','T','T','T','1','Y',1,'2020-10-15 06:17:18',NULL,NULL,NULL),(403,'D002009','C103000','T','T','T','T','1','Y',1,'2020-10-15 06:17:18',NULL,NULL,NULL),(404,'D002009','C104000','T','T','T','T','1','Y',1,'2020-10-15 06:17:18',NULL,NULL,NULL),(405,'D002009','C200000','T','T','T','T','1','Y',1,'2020-10-15 06:17:18',NULL,NULL,NULL),(406,'D002009','C201000','T','T','T','T','1','Y',1,'2020-10-15 06:17:18',NULL,NULL,NULL),(407,'D002009','C202000','T','T','T','T','1','Y',1,'2020-10-15 06:17:18',NULL,NULL,NULL),(408,'D002009','C203000','T','T','T','T','1','Y',1,'2020-10-15 06:17:18',NULL,NULL,NULL),(409,'D002009','C204000','T','T','T','T','1','Y',1,'2020-10-15 06:17:18',NULL,NULL,NULL),(410,'D002009','C205000','T','T','T','T','1','Y',1,'2020-10-15 06:17:18',NULL,NULL,NULL),(411,'D002009','C990000','T','T','T','T','1','Y',1,'2020-10-15 06:17:18',NULL,NULL,NULL),(412,'D002009','C991000','T','T','T','T','1','Y',1,'2020-10-15 06:17:18',NULL,NULL,NULL),(413,'D002009','C992000','T','T','T','T','1','Y',1,'2020-10-15 06:17:18',NULL,NULL,NULL),(414,'D002009','C993000','T','T','T','T','1','Y',1,'2020-10-15 06:17:18',NULL,NULL,NULL),(415,'D002009','C994000','T','T','T','T','1','Y',1,'2020-10-15 06:17:18',NULL,NULL,NULL),(416,'D002009','C995000','T','T','T','T','1','Y',1,'2020-10-15 06:17:18',NULL,NULL,NULL),(417,'D002009','C996000','T','T','T','T','1','Y',1,'2020-10-15 06:17:18',NULL,NULL,NULL),(418,'D002009','C102005','T','T','T','T','1','Y',1,'2020-10-15 06:17:18',NULL,NULL,NULL),(419,'D002001','C997000','T','T','T','T','1','Y',1,'2020-11-05 05:26:58',NULL,NULL,NULL),(420,'D002003','C100000','T','T','T','T','1','Y',1,'2020-11-09 05:44:14',NULL,NULL,NULL),(421,'D002003','C101000','T','T','T','T','1','Y',1,'2020-11-09 05:44:14',NULL,NULL,NULL),(422,'D002003','C102000','T','T','T','T','1','Y',1,'2020-11-09 05:44:14',NULL,NULL,NULL),(423,'D002003','C102001','T','T','T','T','1','Y',1,'2020-11-09 05:44:14',NULL,NULL,NULL),(424,'D002003','C102002','T','T','T','T','1','Y',1,'2020-11-09 05:44:14',NULL,NULL,NULL),(425,'D002003','C102003','T','T','T','T','1','Y',1,'2020-11-09 05:44:14',NULL,NULL,NULL),(426,'D002003','C102004','T','T','T','T','1','Y',1,'2020-11-09 05:44:14',NULL,NULL,NULL),(427,'D002003','C103000','T','T','T','T','1','Y',1,'2020-11-09 05:44:14',NULL,NULL,NULL),(428,'D002003','C104000','T','T','T','T','1','Y',1,'2020-11-09 05:44:14',NULL,NULL,NULL),(429,'D002003','C200000','T','T','T','T','1','Y',1,'2020-11-09 05:44:14',NULL,NULL,NULL),(430,'D002003','C201000','T','T','T','T','1','Y',1,'2020-11-09 05:44:14',NULL,NULL,NULL),(431,'D002003','C202000','T','T','T','T','1','Y',1,'2020-11-09 05:44:14',NULL,NULL,NULL),(432,'D002003','C203000','T','T','T','T','1','Y',1,'2020-11-09 05:44:14',NULL,NULL,NULL),(433,'D002003','C204000','T','T','T','T','1','Y',1,'2020-11-09 05:44:14',NULL,NULL,NULL),(434,'D002003','C205000','T','T','T','T','1','Y',1,'2020-11-09 05:44:14',NULL,NULL,NULL),(435,'D002003','C990000','T','T','T','T','1','Y',1,'2020-11-09 05:44:14',NULL,NULL,NULL),(436,'D002003','C991000','T','T','T','T','1','Y',1,'2020-11-09 05:44:14',NULL,NULL,NULL),(437,'D002003','C992000','T','T','T','T','1','Y',1,'2020-11-09 05:44:14',NULL,NULL,NULL),(438,'D002003','C993000','T','T','T','T','1','Y',1,'2020-11-09 05:44:14',NULL,NULL,NULL),(439,'D002003','C994000','T','T','T','T','1','Y',1,'2020-11-09 05:44:14',NULL,NULL,NULL),(440,'D002003','C995000','T','T','T','T','1','Y',1,'2020-11-09 05:44:14',NULL,NULL,NULL),(441,'D002003','C996000','T','T','T','T','1','Y',1,'2020-11-09 05:44:14',NULL,NULL,NULL),(442,'D002003','C102005','T','T','T','T','1','Y',1,'2020-11-09 05:44:14',NULL,NULL,NULL),(443,'D002003','C997000','T','T','T','T','1','Y',1,'2020-11-09 05:44:14',NULL,NULL,NULL),(451,'D002004','C100000','T','T','T','T','1','Y',1,'2020-11-09 05:44:26',NULL,NULL,NULL),(452,'D002004','C101000','T','T','T','T','1','Y',1,'2020-11-09 05:44:26',NULL,NULL,NULL),(453,'D002004','C102000','T','T','T','T','1','Y',1,'2020-11-09 05:44:26',NULL,NULL,NULL),(454,'D002004','C102001','T','T','T','T','1','Y',1,'2020-11-09 05:44:26',NULL,NULL,NULL),(455,'D002004','C102002','T','T','T','T','1','Y',1,'2020-11-09 05:44:26',NULL,NULL,NULL),(456,'D002004','C102003','T','T','T','T','1','Y',1,'2020-11-09 05:44:26',NULL,NULL,NULL),(457,'D002004','C102004','T','T','T','T','1','Y',1,'2020-11-09 05:44:26',NULL,NULL,NULL),(458,'D002004','C103000','T','T','T','T','1','Y',1,'2020-11-09 05:44:26',NULL,NULL,NULL),(459,'D002004','C104000','T','T','T','T','1','Y',1,'2020-11-09 05:44:26',NULL,NULL,NULL),(460,'D002004','C200000','T','T','T','T','1','Y',1,'2020-11-09 05:44:26',NULL,NULL,NULL),(461,'D002004','C201000','T','T','T','T','1','Y',1,'2020-11-09 05:44:26',NULL,NULL,NULL),(462,'D002004','C202000','T','T','T','T','1','Y',1,'2020-11-09 05:44:26',NULL,NULL,NULL),(463,'D002004','C203000','T','T','T','T','1','Y',1,'2020-11-09 05:44:26',NULL,NULL,NULL),(464,'D002004','C204000','T','T','T','T','1','Y',1,'2020-11-09 05:44:26',NULL,NULL,NULL),(465,'D002004','C205000','T','T','T','T','1','Y',1,'2020-11-09 05:44:26',NULL,NULL,NULL),(466,'D002004','C990000','T','T','T','T','1','Y',1,'2020-11-09 05:44:26',NULL,NULL,NULL),(467,'D002004','C991000','T','T','T','T','1','Y',1,'2020-11-09 05:44:26',NULL,NULL,NULL),(468,'D002004','C992000','T','T','T','T','1','Y',1,'2020-11-09 05:44:26',NULL,NULL,NULL),(469,'D002004','C993000','T','T','T','T','1','Y',1,'2020-11-09 05:44:26',NULL,NULL,NULL),(470,'D002004','C994000','T','T','T','T','1','Y',1,'2020-11-09 05:44:26',NULL,NULL,NULL),(471,'D002004','C995000','T','T','T','T','1','Y',1,'2020-11-09 05:44:26',NULL,NULL,NULL),(472,'D002004','C996000','T','T','T','T','1','Y',1,'2020-11-09 05:44:26',NULL,NULL,NULL),(473,'D002004','C102005','T','T','T','T','1','Y',1,'2020-11-09 05:44:26',NULL,NULL,NULL),(474,'D002004','C997000','T','T','T','T','1','Y',1,'2020-11-09 05:44:26',NULL,NULL,NULL),(482,'D002005','C100000','T','T','T','T','1','Y',1,'2020-11-10 01:45:18',NULL,NULL,NULL),(483,'D002005','C101000','T','T','T','T','1','Y',1,'2020-11-10 01:45:18',NULL,NULL,NULL),(484,'D002005','C102000','T','T','T','T','1','Y',1,'2020-11-10 01:45:18',NULL,NULL,NULL),(485,'D002005','C102001','T','T','T','T','1','Y',1,'2020-11-10 01:45:18',NULL,NULL,NULL),(486,'D002005','C102002','T','T','T','T','1','Y',1,'2020-11-10 01:45:18',NULL,NULL,NULL),(487,'D002005','C102003','T','T','T','T','1','Y',1,'2020-11-10 01:45:18',NULL,NULL,NULL),(488,'D002005','C102004','T','T','T','T','1','Y',1,'2020-11-10 01:45:18',NULL,NULL,NULL),(489,'D002005','C103000','T','T','T','T','1','Y',1,'2020-11-10 01:45:18',NULL,NULL,NULL),(490,'D002005','C104000','T','T','T','T','1','Y',1,'2020-11-10 01:45:18',NULL,NULL,NULL),(491,'D002005','C200000','T','T','T','T','1','Y',1,'2020-11-10 01:45:18',NULL,NULL,NULL),(492,'D002005','C201000','T','T','T','T','1','Y',1,'2020-11-10 01:45:18',NULL,NULL,NULL),(493,'D002005','C202000','T','T','T','T','1','Y',1,'2020-11-10 01:45:18',NULL,NULL,NULL),(494,'D002005','C203000','T','T','T','T','1','Y',1,'2020-11-10 01:45:18',NULL,NULL,NULL),(495,'D002005','C204000','T','T','T','T','1','Y',1,'2020-11-10 01:45:18',NULL,NULL,NULL),(496,'D002005','C205000','T','T','T','T','1','Y',1,'2020-11-10 01:45:18',NULL,NULL,NULL),(497,'D002005','C990000','T','T','T','T','1','Y',1,'2020-11-10 01:45:18',NULL,NULL,NULL),(498,'D002005','C991000','T','T','T','T','1','Y',1,'2020-11-10 01:45:18',NULL,NULL,NULL),(499,'D002005','C992000','T','T','T','T','1','Y',1,'2020-11-10 01:45:18',NULL,NULL,NULL),(500,'D002005','C993000','T','T','T','T','1','Y',1,'2020-11-10 01:45:18',NULL,NULL,NULL),(501,'D002005','C994000','T','T','T','T','1','Y',1,'2020-11-10 01:45:18',NULL,NULL,NULL),(502,'D002005','C995000','T','T','T','T','1','Y',1,'2020-11-10 01:45:18',NULL,NULL,NULL),(503,'D002005','C996000','T','T','T','T','1','Y',1,'2020-11-10 01:45:18',NULL,NULL,NULL),(504,'D002005','C102005','T','T','T','T','1','Y',1,'2020-11-10 01:45:18',NULL,NULL,NULL),(505,'D002005','C997000','T','T','T','T','1','Y',1,'2020-11-10 01:45:18',NULL,NULL,NULL);
/*!40000 ALTER TABLE `IPX_PAGEPERMISSION` ENABLE KEYS */;
UNLOCK TABLES;

--
-- Table structure for table `IPX_SYSTEMMANAGE`
--

DROP TABLE IF EXISTS `IPX_SYSTEMMANAGE`;
/*!40101 SET @saved_cs_client     = @@character_set_client */;
/*!40101 SET character_set_client = utf8 */;
CREATE TABLE `IPX_SYSTEMMANAGE` (
  `SESSIONEXPIREMINUTE` int(3) unsigned NOT NULL COMMENT '자동 로그아웃 시간 설정(분)',
  `MAXLOAGINFAILCOUNT` int(2) unsigned NOT NULL COMMENT '비밀번호 연속 실패 횟수',
  `PASSWORDEXPIREPERIOD` int(3) unsigned NOT NULL COMMENT '로그인 비밀번호 유효기간(일)',
  `NOTICEBEFOREPASSWORDEXPIRE` int(2) unsigned NOT NULL COMMENT '로그인 비밀번호 만료일 전 알림(일)'
) ENGINE=InnoDB DEFAULT CHARSET=utf8 ROW_FORMAT=COMPACT COMMENT='시스템 설정 관리';
/*!40101 SET character_set_client = @saved_cs_client */;

--
-- Dumping data for table `IPX_SYSTEMMANAGE`
--

LOCK TABLES `IPX_SYSTEMMANAGE` WRITE;
/*!40000 ALTER TABLE `IPX_SYSTEMMANAGE` DISABLE KEYS */;
INSERT INTO `IPX_SYSTEMMANAGE` VALUES (0,0,120,120);
/*!40000 ALTER TABLE `IPX_SYSTEMMANAGE` ENABLE KEYS */;
UNLOCK TABLES;

--
-- Table structure for table `IPX_USER`
--

DROP TABLE IF EXISTS `IPX_USER`;
/*!40101 SET @saved_cs_client     = @@character_set_client */;
/*!40101 SET character_set_client = utf8 */;
CREATE TABLE `IPX_USER` (
  `USERSEQ` bigint(11) unsigned NOT NULL AUTO_INCREMENT COMMENT '사용자Seq',
  `USERID` varchar(30) NOT NULL COMMENT '사용자ID',
  `USERPASSWORD` varchar(50) NOT NULL COMMENT '비밀번호',
  `USERNAME` varchar(50) NOT NULL COMMENT '사용자명',
  `PERMISSIONID` char(7) NOT NULL COMMENT '권한ID',
  `DEPTID` char(7) NOT NULL COMMENT '부서ID',
  `RANKID` char(7) NOT NULL COMMENT '직급',
  `TEL` varchar(20) DEFAULT NULL COMMENT '연락처',
  `EMAIL` varchar(200) DEFAULT NULL COMMENT '이메일',
  `REMARK` varchar(500) DEFAULT NULL COMMENT '비고',
  `COMPANYID` char(7) DEFAULT NULL COMMENT '기업ID(공통코드)',
  `DIVISIONID` char(7) DEFAULT NULL COMMENT '사업장ID',
  `ACCOUNTUNITID` char(7) DEFAULT NULL COMMENT '회계구분',
  `USERNO` varchar(50) DEFAULT NULL COMMENT '사원번호',
  `RFID_NO` varchar(50) DEFAULT NULL COMMENT 'RFID번호',
  `RESETPASSWORDYN` char(1) DEFAULT '' COMMENT '비밀번호초기화여부(초기값 : 0, 비밀번호 초기화시 1로 업데이트)',
  `LASTPASSWORDCHANGEDATE` timestamp NULL DEFAULT NULL COMMENT '비밀번호 최종변경일',
  `LOCKFLAG` char(1) NOT NULL COMMENT '계정잠김여부',
  `FLAG` char(1) NOT NULL COMMENT '사용여부',
  `WUSERSEQ` bigint(11) unsigned NOT NULL COMMENT '등록자',
  `WDATE` timestamp NOT NULL DEFAULT '0000-00-00 00:00:00' ON UPDATE current_timestamp() COMMENT '등록일',
  `MUSERSEQ` bigint(11) unsigned DEFAULT NULL COMMENT '수정자',
  `MDATE` timestamp NULL DEFAULT NULL COMMENT '수정일',
  `LOGSEQ` varchar(1000) DEFAULT NULL COMMENT '로그Seq',
  PRIMARY KEY (`USERSEQ`) USING BTREE,
  KEY `FK_RFID_NO` (`RFID_NO`)
) ENGINE=InnoDB AUTO_INCREMENT=14 DEFAULT CHARSET=utf8 COMMENT='사용자';
/*!40101 SET character_set_client = @saved_cs_client */;

--
-- Dumping data for table `IPX_USER`
--

LOCK TABLES `IPX_USER` WRITE;
/*!40000 ALTER TABLE `IPX_USER` DISABLE KEYS */;
INSERT INTO `IPX_USER` VALUES (1,'admin','a29a16f302105451251559d5175c7bf2','관리자','D002001','A001002','D004001','010-0000-0000',NULL,'administrator',NULL,NULL,NULL,NULL,'2019234567','','2020-09-16 15:00:00','N','Y',1,'2020-09-24 02:26:37',NULL,NULL,NULL),(2,'tm.kim','fa74604fdd9deeff61a954ae1117fc81','김태민','D002001','A001002','D004001','010-6294-3064','tm.kim@impix.co.kr','11',NULL,NULL,NULL,NULL,'20200923','',NULL,'N','N',1,'2020-09-29 01:30:45',NULL,NULL,NULL),(3,'test12345','b9761bf71e6b7aa1a7a14bcb600bb218','test12345','D002002','A001002','D004001','010-2222-3333',NULL,NULL,NULL,NULL,NULL,NULL,NULL,'',NULL,'N','N',1,'2020-09-29 00:38:31',NULL,NULL,NULL),(4,'youjs','a29a16f302105451251559d5175c7bf2','유재석','D002001','A001002','D004001',NULL,NULL,NULL,NULL,NULL,NULL,NULL,NULL,'',NULL,'N','Y',1,'2020-09-28 04:08:27',NULL,NULL,NULL),(8,'sjyou','fa74604fdd9deeff61a954ae1117fc81','아무개1','D002001','A001002','D004001',NULL,NULL,NULL,NULL,NULL,NULL,NULL,NULL,'',NULL,'N','Y',1,'2020-09-29 02:44:47',NULL,NULL,NULL),(11,'kd.hong','cc59eb14d250c7b8cda85be60444b162','홍길동','D002002','A001002','D004001','010-0000-0000','kd.hong@joseon.co.kr',NULL,NULL,NULL,NULL,NULL,'12345678','',NULL,'N','Y',1,'2020-09-29 06:41:58',NULL,NULL,NULL),(13,'admin1','cc59eb14d250c7b8cda85be60444b162','관리자','D002001','A001003','D004002','010-1234-5678','admin@uds.com',NULL,NULL,NULL,NULL,NULL,'12345678','',NULL,'N','Y',1,'2020-11-09 05:35:50',NULL,NULL,NULL);
/*!40000 ALTER TABLE `IPX_USER` ENABLE KEYS */;
UNLOCK TABLES;

--
-- Dumping routines for database 'OWP_DB'
--
/*!40103 SET TIME_ZONE=@OLD_TIME_ZONE */;

/*!40101 SET SQL_MODE=@OLD_SQL_MODE */;
/*!40014 SET FOREIGN_KEY_CHECKS=@OLD_FOREIGN_KEY_CHECKS */;
/*!40014 SET UNIQUE_CHECKS=@OLD_UNIQUE_CHECKS */;
/*!40101 SET CHARACTER_SET_CLIENT=@OLD_CHARACTER_SET_CLIENT */;
/*!40101 SET CHARACTER_SET_RESULTS=@OLD_CHARACTER_SET_RESULTS */;
/*!40101 SET COLLATION_CONNECTION=@OLD_COLLATION_CONNECTION */;
/*!40111 SET SQL_NOTES=@OLD_SQL_NOTES */;

-- Dump completed on 2020-12-04 14:31:01
